raceId,year,circuitId,name,circuit_name,length
1,2009,1,Australian Grand Prix,Albert Park Grand Prix Circuit,5.303
18,2008,1,Australian Grand Prix,Albert Park Grand Prix Circuit,5.303
36,2007,1,Australian Grand Prix,Albert Park Grand Prix Circuit,5.303
55,2006,1,Australian Grand Prix,Albert Park Grand Prix Circuit,5.303
71,2005,1,Australian Grand Prix,Albert Park Grand Prix Circuit,5.303
90,2004,1,Australian Grand Prix,Albert Park Grand Prix Circuit,5.303
108,2003,1,Australian Grand Prix,Albert Park Grand Prix Circuit,5.303
124,2002,1,Australian Grand Prix,Albert Park Grand Prix Circuit,5.303
141,2001,1,Australian Grand Prix,Albert Park Grand Prix Circuit,5.303
158,2000,1,Australian Grand Prix,Albert Park Grand Prix Circuit,5.303
175,1999,1,Australian Grand Prix,Albert Park Grand Prix Circuit,5.303
191,1998,1,Australian Grand Prix,Albert Park Grand Prix Circuit,5.303
207,1997,1,Australian Grand Prix,Albert Park Grand Prix Circuit,5.303
224,1996,1,Australian Grand Prix,Albert Park Grand Prix Circuit,5.303
338,2010,1,Australian Grand Prix,Albert Park Grand Prix Circuit,5.303
841,2011,1,Australian Grand Prix,Albert Park Grand Prix Circuit,5.303
860,2012,1,Australian Grand Prix,Albert Park Grand Prix Circuit,5.303
880,2013,1,Australian Grand Prix,Albert Park Grand Prix Circuit,5.303
900,2014,1,Australian Grand Prix,Albert Park Grand Prix Circuit,5.303
926,2015,1,Australian Grand Prix,Albert Park Grand Prix Circuit,5.303
948,2016,1,Australian Grand Prix,Albert Park Grand Prix Circuit,5.303
969,2017,1,Australian Grand Prix,Albert Park Grand Prix Circuit,5.303
989,2018,1,Australian Grand Prix,Albert Park Grand Prix Circuit,5.303
1010,2019,1,Australian Grand Prix,Albert Park Grand Prix Circuit,5.303
1076,2022,1,Australian Grand Prix,Albert Park Grand Prix Circuit,5.278
2,2009,2,Malaysian Grand Prix,Sepang International Circuit,5.543
19,2008,2,Malaysian Grand Prix,Sepang International Circuit,5.543
37,2007,2,Malaysian Grand Prix,Sepang International Circuit,5.543
54,2006,2,Malaysian Grand Prix,Sepang International Circuit,5.543
72,2005,2,Malaysian Grand Prix,Sepang International Circuit,5.543
91,2004,2,Malaysian Grand Prix,Sepang International Circuit,5.543
109,2003,2,Malaysian Grand Prix,Sepang International Circuit,5.543
125,2002,2,Malaysian Grand Prix,Sepang International Circuit,5.543
142,2001,2,Malaysian Grand Prix,Sepang International Circuit,5.543
174,2000,2,Malaysian Grand Prix,Sepang International Circuit,5.543
189,1999,2,Malaysian Grand Prix,Sepang International Circuit,5.543
339,2010,2,Malaysian Grand Prix,Sepang International Circuit,5.543
842,2011,2,Malaysian Grand Prix,Sepang International Circuit,5.543
861,2012,2,Malaysian Grand Prix,Sepang International Circuit,5.543
881,2013,2,Malaysian Grand Prix,Sepang International Circuit,5.543
901,2014,2,Malaysian Grand Prix,Sepang International Circuit,5.543
927,2015,2,Malaysian Grand Prix,Sepang International Circuit,5.543
963,2016,2,Malaysian Grand Prix,Sepang International Circuit,5.543
983,2017,2,Malaysian Grand Prix,Sepang International Circuit,5.543
4,2009,3,Bahrain Grand Prix,Bahrain International Circuit,5.412
20,2008,3,Bahrain Grand Prix,Bahrain International Circuit,5.412
38,2007,3,Bahrain Grand Prix,Bahrain International Circuit,5.412
53,2006,3,Bahrain Grand Prix,Bahrain International Circuit,5.412
73,2005,3,Bahrain Grand Prix,Bahrain International Circuit,5.412
92,2004,3,Bahrain Grand Prix,Bahrain International Circuit,5.417
337,2010,3,Bahrain Grand Prix,Bahrain International Circuit,5.412
863,2012,3,Bahrain Grand Prix,Bahrain International Circuit,5.412
883,2013,3,Bahrain Grand Prix,Bahrain International Circuit,5.412
902,2014,3,Bahrain Grand Prix,Bahrain International Circuit,5.412
929,2015,3,Bahrain Grand Prix,Bahrain International Circuit,5.412
949,2016,3,Bahrain Grand Prix,Bahrain International Circuit,5.412
971,2017,3,Bahrain Grand Prix,Bahrain International Circuit,5.412
990,2018,3,Bahrain Grand Prix,Bahrain International Circuit,5.412
1011,2019,3,Bahrain Grand Prix,Bahrain International Circuit,5.412
1045,2020,3,Bahrain Grand Prix,Bahrain International Circuit,5.412
1046,2020,3,Sakhir Grand Prix,Bahrain International Circuit,5.412
1074,2022,3,Bahrain Grand Prix,Bahrain International Circuit,5.412
1052,2021,3,Bahrain Grand Prix,Bahrain International Circuit,5.412
5,2009,4,Spanish Grand Prix,Circuit de Barcelona-Catalunya,4.655
21,2008,4,Spanish Grand Prix,Circuit de Barcelona-Catalunya,4.655
39,2007,4,Spanish Grand Prix,Circuit de Barcelona-Catalunya,4.655
58,2006,4,Spanish Grand Prix,Circuit de Barcelona-Catalunya,4.627
75,2005,4,Spanish Grand Prix,Circuit de Barcelona-Catalunya,4.627
94,2004,4,Spanish Grand Prix,Circuit de Barcelona-Catalunya,4.627
112,2003,4,Spanish Grand Prix,Circuit de Barcelona-Catalunya,4.73
128,2002,4,Spanish Grand Prix,Circuit de Barcelona-Catalunya,4.73
145,2001,4,Spanish Grand Prix,Circuit de Barcelona-Catalunya,4.73
162,2000,4,Spanish Grand Prix,Circuit de Barcelona-Catalunya,4.73
179,1999,4,Spanish Grand Prix,Circuit de Barcelona-Catalunya,4.73
195,1998,4,Spanish Grand Prix,Circuit de Barcelona-Catalunya,4.73
212,1997,4,Spanish Grand Prix,Circuit de Barcelona-Catalunya,4.73
230,1996,4,Spanish Grand Prix,Circuit de Barcelona-Catalunya,4.73
243,1995,4,Spanish Grand Prix,Circuit de Barcelona-Catalunya,4.73
261,1994,4,Spanish Grand Prix,Circuit de Barcelona-Catalunya,4.745
277,1993,4,Spanish Grand Prix,Circuit de Barcelona-Catalunya,4.747
292,1992,4,Spanish Grand Prix,Circuit de Barcelona-Catalunya,4.747
318,1991,4,Spanish Grand Prix,Circuit de Barcelona-Catalunya,4.747
341,2010,4,Spanish Grand Prix,Circuit de Barcelona-Catalunya,4.655
845,2011,4,Spanish Grand Prix,Circuit de Barcelona-Catalunya,4.655
864,2012,4,Spanish Grand Prix,Circuit de Barcelona-Catalunya,4.655
884,2013,4,Spanish Grand Prix,Circuit de Barcelona-Catalunya,4.655
904,2014,4,Spanish Grand Prix,Circuit de Barcelona-Catalunya,4.655
930,2015,4,Spanish Grand Prix,Circuit de Barcelona-Catalunya,4.655
952,2016,4,Spanish Grand Prix,Circuit de Barcelona-Catalunya,4.655
973,2017,4,Spanish Grand Prix,Circuit de Barcelona-Catalunya,4.655
993,2018,4,Spanish Grand Prix,Circuit de Barcelona-Catalunya,4.655
1014,2019,4,Spanish Grand Prix,Circuit de Barcelona-Catalunya,4.655
1036,2020,4,Spanish Grand Prix,Circuit de Barcelona-Catalunya,4.655
1055,2021,4,Spanish Grand Prix,Circuit de Barcelona-Catalunya,4.675
1079,2022,4,Spanish Grand Prix,Circuit de Barcelona-Catalunya,4.675
7,2009,5,Turkish Grand Prix,Istanbul Park,5.338
22,2008,5,Turkish Grand Prix,Istanbul Park,5.338
47,2007,5,Turkish Grand Prix,Istanbul Park,5.338
66,2006,5,Turkish Grand Prix,Istanbul Park,5.338
84,2005,5,Turkish Grand Prix,Istanbul Park,5.338
343,2010,5,Turkish Grand Prix,Istanbul Park,5.338
844,2011,5,Turkish Grand Prix,Istanbul Park,5.338
1044,2020,5,Turkish Grand Prix,Istanbul Park,5.338
1067,2021,5,Turkish Grand Prix,Istanbul Park,5.338
6,2009,6,Monaco Grand Prix,Circuit de Monaco,3.34
23,2008,6,Monaco Grand Prix,Circuit de Monaco,3.34
40,2007,6,Monaco Grand Prix,Circuit de Monaco,3.34
59,2006,6,Monaco Grand Prix,Circuit de Monaco,3.34
76,2005,6,Monaco Grand Prix,Circuit de Monaco,3.34
95,2004,6,Monaco Grand Prix,Circuit de Monaco,3.34
114,2003,6,Monaco Grand Prix,Circuit de Monaco,3.34
130,2002,6,Monaco Grand Prix,Circuit de Monaco,3.37
147,2001,6,Monaco Grand Prix,Circuit de Monaco,3.37
164,2000,6,Monaco Grand Prix,Circuit de Monaco,3.37
178,1999,6,Monaco Grand Prix,Circuit de Monaco,3.37
196,1998,6,Monaco Grand Prix,Circuit de Monaco,3.37
211,1997,6,Monaco Grand Prix,Circuit de Monaco,3.37
229,1996,6,Monaco Grand Prix,Circuit de Monaco,3.328
244,1995,6,Monaco Grand Prix,Circuit de Monaco,3.328
260,1994,6,Monaco Grand Prix,Circuit de Monaco,3.328
278,1993,6,Monaco Grand Prix,Circuit de Monaco,3.328
294,1992,6,Monaco Grand Prix,Circuit de Monaco,3.328
308,1991,6,Monaco Grand Prix,Circuit de Monaco,3.328
324,1990,6,Monaco Grand Prix,Circuit de Monaco,3.328
342,2010,6,Monaco Grand Prix,Circuit de Monaco,3.34
358,1989,6,Monaco Grand Prix,Circuit de Monaco,3.328
374,1988,6,Monaco Grand Prix,Circuit de Monaco,3.328
391,1987,6,Monaco Grand Prix,Circuit de Monaco,3.328
407,1986,6,Monaco Grand Prix,Circuit de Monaco,3.328
423,1985,6,Monaco Grand Prix,Circuit de Monaco,3.312
441,1984,6,Monaco Grand Prix,Circuit de Monaco,3.312
456,1983,6,Monaco Grand Prix,Circuit de Monaco,3.312
472,1982,6,Monaco Grand Prix,Circuit de Monaco,3.312
488,1981,6,Monaco Grand Prix,Circuit de Monaco,3.312
503,1980,6,Monaco Grand Prix,Circuit de Monaco,3.312
518,1979,6,Monaco Grand Prix,Circuit de Monaco,3.312
531,1978,6,Monaco Grand Prix,Circuit de Monaco,3.312
548,1977,6,Monaco Grand Prix,Circuit de Monaco,3.312
565,1976,6,Monaco Grand Prix,Circuit de Monaco,3.312
580,1975,6,Monaco Grand Prix,Circuit de Monaco,3.278
595,1974,6,Monaco Grand Prix,Circuit de Monaco,3.278
610,1973,6,Monaco Grand Prix,Circuit de Monaco,3.278
623,1972,6,Monaco Grand Prix,Circuit de Monaco,3.145
634,1971,6,Monaco Grand Prix,Circuit de Monaco,3.145
645,1970,6,Monaco Grand Prix,Circuit de Monaco,3.145
658,1969,6,Monaco Grand Prix,Circuit de Monaco,3.145
669,1968,6,Monaco Grand Prix,Circuit de Monaco,3.145
680,1967,6,Monaco Grand Prix,Circuit de Monaco,3.145
690,1966,6,Monaco Grand Prix,Circuit de Monaco,3.145
700,1965,6,Monaco Grand Prix,Circuit de Monaco,3.145
709,1964,6,Monaco Grand Prix,Circuit de Monaco,3.145
719,1963,6,Monaco Grand Prix,Circuit de Monaco,3.145
730,1962,6,Monaco Grand Prix,Circuit de Monaco,3.145
738,1961,6,Monaco Grand Prix,Circuit de Monaco,3.145
747,1960,6,Monaco Grand Prix,Circuit de Monaco,3.145
756,1959,6,Monaco Grand Prix,Circuit de Monaco,3.145
766,1958,6,Monaco Grand Prix,Circuit de Monaco,3.145
777,1957,6,Monaco Grand Prix,Circuit de Monaco,3.145
785,1956,6,Monaco Grand Prix,Circuit de Monaco,3.145
793,1955,6,Monaco Grand Prix,Circuit de Monaco,3.145
834,1950,6,Monaco Grand Prix,Circuit de Monaco,3.18
846,2011,6,Monaco Grand Prix,Circuit de Monaco,3.34
865,2012,6,Monaco Grand Prix,Circuit de Monaco,3.34
885,2013,6,Monaco Grand Prix,Circuit de Monaco,3.34
905,2014,6,Monaco Grand Prix,Circuit de Monaco,3.34
931,2015,6,Monaco Grand Prix,Circuit de Monaco,3.337
953,2016,6,Monaco Grand Prix,Circuit de Monaco,3.337
974,2017,6,Monaco Grand Prix,Circuit de Monaco,3.337
994,2018,6,Monaco Grand Prix,Circuit de Monaco,3.337
1015,2019,6,Monaco Grand Prix,Circuit de Monaco,3.337
1056,2021,6,Monaco Grand Prix,Circuit de Monaco,3.337
1080,2022,6,Monaco Grand Prix,Circuit de Monaco,3.337
24,2008,7,Canadian Grand Prix,Circuit Gilles Villeneuve,4.361
41,2007,7,Canadian Grand Prix,Circuit Gilles Villeneuve,4.361
61,2006,7,Canadian Grand Prix,Circuit Gilles Villeneuve,4.361
78,2005,7,Canadian Grand Prix,Circuit Gilles Villeneuve,4.361
97,2004,7,Canadian Grand Prix,Circuit Gilles Villeneuve,4.361
115,2003,7,Canadian Grand Prix,Circuit Gilles Villeneuve,4.361
131,2002,7,Canadian Grand Prix,Circuit Gilles Villeneuve,4.361
148,2001,7,Canadian Grand Prix,Circuit Gilles Villeneuve,4.421
165,2000,7,Canadian Grand Prix,Circuit Gilles Villeneuve,4.421
180,1999,7,Canadian Grand Prix,Circuit Gilles Villeneuve,4.421
197,1998,7,Canadian Grand Prix,Circuit Gilles Villeneuve,4.421
213,1997,7,Canadian Grand Prix,Circuit Gilles Villeneuve,4.421
231,1996,7,Canadian Grand Prix,Circuit Gilles Villeneuve,4.421
245,1995,7,Canadian Grand Prix,Circuit Gilles Villeneuve,4.45
262,1994,7,Canadian Grand Prix,Circuit Gilles Villeneuve,4.45
279,1993,7,Canadian Grand Prix,Circuit Gilles Villeneuve,4.43
295,1992,7,Canadian Grand Prix,Circuit Gilles Villeneuve,4.43
309,1991,7,Canadian Grand Prix,Circuit Gilles Villeneuve,4.43
325,1990,7,Canadian Grand Prix,Circuit Gilles Villeneuve,4.43
344,2010,7,Canadian Grand Prix,Circuit Gilles Villeneuve,4.361
361,1989,7,Canadian Grand Prix,Circuit Gilles Villeneuve,4.43
376,1988,7,Canadian Grand Prix,Circuit Gilles Villeneuve,4.43
409,1986,7,Canadian Grand Prix,Circuit Gilles Villeneuve,4.41
424,1985,7,Canadian Grand Prix,Circuit Gilles Villeneuve,4.41
442,1984,7,Canadian Grand Prix,Circuit Gilles Villeneuve,4.41
459,1983,7,Canadian Grand Prix,Circuit Gilles Villeneuve,4.41
474,1982,7,Canadian Grand Prix,Circuit Gilles Villeneuve,4.41
496,1981,7,Canadian Grand Prix,Circuit Gilles Villeneuve,4.41
510,1980,7,Canadian Grand Prix,Circuit Gilles Villeneuve,4.41
525,1979,7,Canadian Grand Prix,Circuit Gilles Villeneuve,4.41
542,1978,7,Canadian Grand Prix,Circuit Gilles Villeneuve,4.41
847,2011,7,Canadian Grand Prix,Circuit Gilles Villeneuve,
866,2012,7,Canadian Grand Prix,Circuit Gilles Villeneuve,4.361
886,2013,7,Canadian Grand Prix,Circuit Gilles Villeneuve,4.361
906,2014,7,Canadian Grand Prix,Circuit Gilles Villeneuve,4.361
932,2015,7,Canadian Grand Prix,Circuit Gilles Villeneuve,4.361
954,2016,7,Canadian Grand Prix,Circuit Gilles Villeneuve,4.361
975,2017,7,Canadian Grand Prix,Circuit Gilles Villeneuve,4.361
995,2018,7,Canadian Grand Prix,Circuit Gilles Villeneuve,4.361
1016,2019,7,Canadian Grand Prix,Circuit Gilles Villeneuve,4.361
1082,2022,7,Canadian Grand Prix,Circuit Gilles Villeneuve,4.361
25,2008,8,French Grand Prix,Circuit de Nevers Magny-Cours,4.411
43,2007,8,French Grand Prix,Circuit de Nevers Magny-Cours,4.411
63,2006,8,French Grand Prix,Circuit de Nevers Magny-Cours,4.411
80,2005,8,French Grand Prix,Circuit de Nevers Magny-Cours,4.411
99,2004,8,French Grand Prix,Circuit de Nevers Magny-Cours,4.411
117,2003,8,French Grand Prix,Circuit de Nevers Magny-Cours,4.411
134,2002,8,French Grand Prix,Circuit de Nevers Magny-Cours,4.25
150,2001,8,French Grand Prix,Circuit de Nevers Magny-Cours,4.25
166,2000,8,French Grand Prix,Circuit de Nevers Magny-Cours,4.25
181,1999,8,French Grand Prix,Circuit de Nevers Magny-Cours,4.25
198,1998,8,French Grand Prix,Circuit de Nevers Magny-Cours,4.25
214,1997,8,French Grand Prix,Circuit de Nevers Magny-Cours,4.25
232,1996,8,French Grand Prix,Circuit de Nevers Magny-Cours,4.25
246,1995,8,French Grand Prix,Circuit de Nevers Magny-Cours,4.25
263,1994,8,French Grand Prix,Circuit de Nevers Magny-Cours,4.25
280,1993,8,French Grand Prix,Circuit de Nevers Magny-Cours,4.25
296,1992,8,French Grand Prix,Circuit de Nevers Magny-Cours,4.25
311,1991,8,French Grand Prix,Circuit de Nevers Magny-Cours,4.271
8,2009,9,British Grand Prix,Silverstone Circuit,5.141
26,2008,9,British Grand Prix,Silverstone Circuit,5.141
44,2007,9,British Grand Prix,Silverstone Circuit,5.141
60,2006,9,British Grand Prix,Silverstone Circuit,5.141
81,2005,9,British Grand Prix,Silverstone Circuit,5.141
100,2004,9,British Grand Prix,Silverstone Circuit,5.141
118,2003,9,British Grand Prix,Silverstone Circuit,5.141
133,2002,9,British Grand Prix,Silverstone Circuit,5.141
151,2001,9,British Grand Prix,Silverstone Circuit,5.141
161,2000,9,British Grand Prix,Silverstone Circuit,5.141
182,1999,9,British Grand Prix,Silverstone Circuit,5.141
199,1998,9,British Grand Prix,Silverstone Circuit,5.141
215,1997,9,British Grand Prix,Silverstone Circuit,5.141
233,1996,9,British Grand Prix,Silverstone Circuit,5.072
247,1995,9,British Grand Prix,Silverstone Circuit,5.057
264,1994,9,British Grand Prix,Silverstone Circuit,5.057
281,1993,9,British Grand Prix,Silverstone Circuit,5.226
297,1992,9,British Grand Prix,Silverstone Circuit,5.226
312,1991,9,British Grand Prix,Silverstone Circuit,5.226
328,1990,9,British Grand Prix,Silverstone Circuit,4.778
346,2010,9,British Grand Prix,Silverstone Circuit,5.901
363,1989,9,British Grand Prix,Silverstone Circuit,4.778
379,1988,9,British Grand Prix,Silverstone Circuit,4.778
394,1987,9,British Grand Prix,Silverstone Circuit,4.778
427,1985,9,British Grand Prix,Silverstone Circuit,4.719
460,1983,9,British Grand Prix,Silverstone Circuit,4.719
491,1981,9,British Grand Prix,Silverstone Circuit,4.719
520,1979,9,British Grand Prix,Silverstone Circuit,4.719
552,1977,9,British Grand Prix,Silverstone Circuit,4.719
585,1975,9,British Grand Prix,Silverstone Circuit,4.719
613,1973,9,British Grand Prix,Silverstone Circuit,4.711
637,1971,9,British Grand Prix,Silverstone Circuit,4.711
661,1969,9,British Grand Prix,Silverstone Circuit,4.711
684,1967,9,British Grand Prix,Silverstone Circuit,4.711
703,1965,9,British Grand Prix,Silverstone Circuit,4.711
723,1963,9,British Grand Prix,Silverstone Circuit,4.711
752,1960,9,British Grand Prix,Silverstone Circuit,4.711
771,1958,9,British Grand Prix,Silverstone Circuit,4.711
789,1956,9,British Grand Prix,Silverstone Circuit,4.711
803,1954,9,British Grand Prix,Silverstone Circuit,4.711
813,1953,9,British Grand Prix,Silverstone Circuit,4.711
821,1952,9,British Grand Prix,Silverstone Circuit,4.711
829,1951,9,British Grand Prix,Silverstone Circuit,4.649
833,1950,9,British Grand Prix,Silverstone Circuit,4.649
849,2011,9,British Grand Prix,Silverstone Circuit,5.891
868,2012,9,British Grand Prix,Silverstone Circuit,5.891
887,2013,9,British Grand Prix,Silverstone Circuit,5.891
908,2014,9,British Grand Prix,Silverstone Circuit,5.891
934,2015,9,British Grand Prix,Silverstone Circuit,5.891
957,2016,9,British Grand Prix,Silverstone Circuit,5.891
978,2017,9,British Grand Prix,Silverstone Circuit,5.891
998,2018,9,British Grand Prix,Silverstone Circuit,5.891
1019,2019,9,British Grand Prix,Silverstone Circuit,5.891
1034,2020,9,British Grand Prix,Silverstone Circuit,5.891
1035,2020,9,70th Anniversary Grand Prix,Silverstone Circuit,5.891
1061,2021,9,British Grand Prix,Silverstone Circuit,5.891
1083,2022,9,British Grand Prix,Silverstone Circuit,5.891
27,2008,10,German Grand Prix,Hockenheimring,4.574
64,2006,10,German Grand Prix,Hockenheimring,4.574
82,2005,10,German Grand Prix,Hockenheimring,4.574
101,2004,10,German Grand Prix,Hockenheimring,4.574
119,2003,10,German Grand Prix,Hockenheimring,4.574
135,2002,10,German Grand Prix,Hockenheimring,4.574
152,2001,10,German Grand Prix,Hockenheimring,6.825
168,2000,10,German Grand Prix,Hockenheimring,6.825
184,1999,10,German Grand Prix,Hockenheimring,6.823
201,1998,10,German Grand Prix,Hockenheimring,6.823
216,1997,10,German Grand Prix,Hockenheimring,6.823
234,1996,10,German Grand Prix,Hockenheimring,6.823
248,1995,10,German Grand Prix,Hockenheimring,6.823
265,1994,10,German Grand Prix,Hockenheimring,6.823
282,1993,10,German Grand Prix,Hockenheimring,6.815
298,1992,10,German Grand Prix,Hockenheimring,6.815
313,1991,10,German Grand Prix,Hockenheimring,6.802
329,1990,10,German Grand Prix,Hockenheimring,6.802
347,2010,10,German Grand Prix,Hockenheimring,4.574
364,1989,10,German Grand Prix,Hockenheimring,6.802
380,1988,10,German Grand Prix,Hockenheimring,6.802
395,1987,10,German Grand Prix,Hockenheimring,6.802
413,1986,10,German Grand Prix,Hockenheimring,6.802
446,1984,10,German Grand Prix,Hockenheimring,6.802
461,1983,10,German Grand Prix,Hockenheimring,6.802
478,1982,10,German Grand Prix,Hockenheimring,6.802
492,1981,10,German Grand Prix,Hockenheimring,6.79
506,1980,10,German Grand Prix,Hockenheimring,6.79
521,1979,10,German Grand Prix,Hockenheimring,6.79
537,1978,10,German Grand Prix,Hockenheimring,6.79
553,1977,10,German Grand Prix,Hockenheimring,6.79
650,1970,10,German Grand Prix,Hockenheimring,6.79
869,2012,10,German Grand Prix,Hockenheimring,4.574
909,2014,10,German Grand Prix,Hockenheimring,4.574
959,2016,10,German Grand Prix,Hockenheimring,4.574
999,2018,10,German Grand Prix,Hockenheimring,4.574
1020,2019,10,German Grand Prix,Hockenheimring,4.574
10,2009,11,Hungarian Grand Prix,Hungaroring,4.381
28,2008,11,Hungarian Grand Prix,Hungaroring,4.381
46,2007,11,Hungarian Grand Prix,Hungaroring,4.381
65,2006,11,Hungarian Grand Prix,Hungaroring,4.381
83,2005,11,Hungarian Grand Prix,Hungaroring,4.381
102,2004,11,Hungarian Grand Prix,Hungaroring,4.381
120,2003,11,Hungarian Grand Prix,Hungaroring,4.381
136,2002,11,Hungarian Grand Prix,Hungaroring,3.975
153,2001,11,Hungarian Grand Prix,Hungaroring,3.975
169,2000,11,Hungarian Grand Prix,Hungaroring,3.975
185,1999,11,Hungarian Grand Prix,Hungaroring,3.975
202,1998,11,Hungarian Grand Prix,Hungaroring,3.975
217,1997,11,Hungarian Grand Prix,Hungaroring,3.975
235,1996,11,Hungarian Grand Prix,Hungaroring,3.975
249,1995,11,Hungarian Grand Prix,Hungaroring,3.975
266,1994,11,Hungarian Grand Prix,Hungaroring,3.975
283,1993,11,Hungarian Grand Prix,Hungaroring,3.975
299,1992,11,Hungarian Grand Prix,Hungaroring,3.975
314,1991,11,Hungarian Grand Prix,Hungaroring,3.975
330,1990,11,Hungarian Grand Prix,Hungaroring,3.975
348,2010,11,Hungarian Grand Prix,Hungaroring,4.381
365,1989,11,Hungarian Grand Prix,Hungaroring,3.975
381,1988,11,Hungarian Grand Prix,Hungaroring,4.014
396,1987,11,Hungarian Grand Prix,Hungaroring,4.014
414,1986,11,Hungarian Grand Prix,Hungaroring,4.014
851,2011,11,Hungarian Grand Prix,Hungaroring,4.381
870,2012,11,Hungarian Grand Prix,Hungaroring,4.381
890,2013,11,Hungarian Grand Prix,Hungaroring,4.381
910,2014,11,Hungarian Grand Prix,Hungaroring,4.381
936,2015,11,Hungarian Grand Prix,Hungaroring,4.381
958,2016,11,Hungarian Grand Prix,Hungaroring,4.381
979,2017,11,Hungarian Grand Prix,Hungaroring,4.381
1000,2018,11,Hungarian Grand Prix,Hungaroring,4.381
1021,2019,11,Hungarian Grand Prix,Hungaroring,4.381
1033,2020,11,Hungarian Grand Prix,Hungaroring,4.381
1062,2021,11,Hungarian Grand Prix,Hungaroring,4.381
1086,2022,11,Hungarian Grand Prix,Hungaroring,4.381
11,2009,12,European Grand Prix,Valencia Street Circuit,5.419
29,2008,12,European Grand Prix,Valencia Street Circuit,5.419
345,2010,12,European Grand Prix,Valencia Street Circuit,5.419
848,2011,12,European Grand Prix,Valencia Street Circuit,5.419
867,2012,12,European Grand Prix,Valencia Street Circuit,5.419
12,2009,13,Belgian Grand Prix,Circuit de Spa-Francorchamps,7.004
30,2008,13,Belgian Grand Prix,Circuit de Spa-Francorchamps,7.004
49,2007,13,Belgian Grand Prix,Circuit de Spa-Francorchamps,7.004
86,2005,13,Belgian Grand Prix,Circuit de Spa-Francorchamps,6.976
103,2004,13,Belgian Grand Prix,Circuit de Spa-Francorchamps,6.976
137,2002,13,Belgian Grand Prix,Circuit de Spa-Francorchamps,6.968
154,2001,13,Belgian Grand Prix,Circuit de Spa-Francorchamps,6.968
170,2000,13,Belgian Grand Prix,Circuit de Spa-Francorchamps,6.968
186,1999,13,Belgian Grand Prix,Circuit de Spa-Francorchamps,6.968
203,1998,13,Belgian Grand Prix,Circuit de Spa-Francorchamps,6.968
218,1997,13,Belgian Grand Prix,Circuit de Spa-Francorchamps,6.968
236,1996,13,Belgian Grand Prix,Circuit de Spa-Francorchamps,6.968
250,1995,13,Belgian Grand Prix,Circuit de Spa-Francorchamps,6.968
267,1994,13,Belgian Grand Prix,Circuit de Spa-Francorchamps,7.001
284,1993,13,Belgian Grand Prix,Circuit de Spa-Francorchamps,6.94
300,1992,13,Belgian Grand Prix,Circuit de Spa-Francorchamps,6.94
315,1991,13,Belgian Grand Prix,Circuit de Spa-Francorchamps,6.94
331,1990,13,Belgian Grand Prix,Circuit de Spa-Francorchamps,6.94
349,2010,13,Belgian Grand Prix,Circuit de Spa-Francorchamps,7.004
366,1989,13,Belgian Grand Prix,Circuit de Spa-Francorchamps,6.94
382,1988,13,Belgian Grand Prix,Circuit de Spa-Francorchamps,6.94
390,1987,13,Belgian Grand Prix,Circuit de Spa-Francorchamps,6.94
408,1986,13,Belgian Grand Prix,Circuit de Spa-Francorchamps,6.94
432,1985,13,Belgian Grand Prix,Circuit de Spa-Francorchamps,6.94
457,1983,13,Belgian Grand Prix,Circuit de Spa-Francorchamps,6.94
646,1970,13,Belgian Grand Prix,Circuit de Spa-Francorchamps,14.1
670,1968,13,Belgian Grand Prix,Circuit de Spa-Francorchamps,14.1
682,1967,13,Belgian Grand Prix,Circuit de Spa-Francorchamps,14.1
691,1966,13,Belgian Grand Prix,Circuit de Spa-Francorchamps,14.1
701,1965,13,Belgian Grand Prix,Circuit de Spa-Francorchamps,14.1
711,1964,13,Belgian Grand Prix,Circuit de Spa-Francorchamps,14.1
720,1963,13,Belgian Grand Prix,Circuit de Spa-Francorchamps,14.1
731,1962,13,Belgian Grand Prix,Circuit de Spa-Francorchamps,14.1
740,1961,13,Belgian Grand Prix,Circuit de Spa-Francorchamps,14.1
750,1960,13,Belgian Grand Prix,Circuit de Spa-Francorchamps,14.1
769,1958,13,Belgian Grand Prix,Circuit de Spa-Francorchamps,14.1
787,1956,13,Belgian Grand Prix,Circuit de Spa-Francorchamps,14.12
795,1955,13,Belgian Grand Prix,Circuit de Spa-Francorchamps,14.12
801,1954,13,Belgian Grand Prix,Circuit de Spa-Francorchamps,14.12
811,1953,13,Belgian Grand Prix,Circuit de Spa-Francorchamps,14.12
819,1952,13,Belgian Grand Prix,Circuit de Spa-Francorchamps,14.12
827,1951,13,Belgian Grand Prix,Circuit de Spa-Francorchamps,14.12
837,1950,13,Belgian Grand Prix,Circuit de Spa-Francorchamps,14.12
852,2011,13,Belgian Grand Prix,Circuit de Spa-Francorchamps,7.004
871,2012,13,Belgian Grand Prix,Circuit de Spa-Francorchamps,7.004
891,2013,13,Belgian Grand Prix,Circuit de Spa-Francorchamps,7.004
911,2014,13,Belgian Grand Prix,Circuit de Spa-Francorchamps,7.004
937,2015,13,Belgian Grand Prix,Circuit de Spa-Francorchamps,7.004
960,2016,13,Belgian Grand Prix,Circuit de Spa-Francorchamps,7.004
980,2017,13,Belgian Grand Prix,Circuit de Spa-Francorchamps,7.004
1001,2018,13,Belgian Grand Prix,Circuit de Spa-Francorchamps,7.004
1022,2019,13,Belgian Grand Prix,Circuit de Spa-Francorchamps,7.004
1037,2020,13,Belgian Grand Prix,Circuit de Spa-Francorchamps,7.004
1063,2021,13,Belgian Grand Prix,Circuit de Spa-Francorchamps,7.004
1087,2022,13,Belgian Grand Prix,Circuit de Spa-Francorchamps,7.004
13,2009,14,Italian Grand Prix,Autodromo Nazionale di Monza,5.793
31,2008,14,Italian Grand Prix,Autodromo Nazionale di Monza,5.793
48,2007,14,Italian Grand Prix,Autodromo Nazionale di Monza,5.793
67,2006,14,Italian Grand Prix,Autodromo Nazionale di Monza,5.793
85,2005,14,Italian Grand Prix,Autodromo Nazionale di Monza,5.793
104,2004,14,Italian Grand Prix,Autodromo Nazionale di Monza,5.793
121,2003,14,Italian Grand Prix,Autodromo Nazionale di Monza,5.793
138,2002,14,Italian Grand Prix,Autodromo Nazionale di Monza,5.793
155,2001,14,Italian Grand Prix,Autodromo Nazionale di Monza,5.793
171,2000,14,Italian Grand Prix,Autodromo Nazionale di Monza,5.793
187,1999,14,Italian Grand Prix,Autodromo Nazionale di Monza,5.77
204,1998,14,Italian Grand Prix,Autodromo Nazionale di Monza,5.77
219,1997,14,Italian Grand Prix,Autodromo Nazionale di Monza,5.77
237,1996,14,Italian Grand Prix,Autodromo Nazionale di Monza,5.77
251,1995,14,Italian Grand Prix,Autodromo Nazionale di Monza,5.834
268,1994,14,Italian Grand Prix,Autodromo Nazionale di Monza,5.834
285,1993,14,Italian Grand Prix,Autodromo Nazionale di Monza,5.8
301,1992,14,Italian Grand Prix,Autodromo Nazionale di Monza,5.8
316,1991,14,Italian Grand Prix,Autodromo Nazionale di Monza,5.8
332,1990,14,Italian Grand Prix,Autodromo Nazionale di Monza,5.8
350,2010,14,Italian Grand Prix,Autodromo Nazionale di Monza,5.793
367,1989,14,Italian Grand Prix,Autodromo Nazionale di Monza,5.8
383,1988,14,Italian Grand Prix,Autodromo Nazionale di Monza,5.8
398,1987,14,Italian Grand Prix,Autodromo Nazionale di Monza,5.8
416,1986,14,Italian Grand Prix,Autodromo Nazionale di Monza,5.8
431,1985,14,Italian Grand Prix,Autodromo Nazionale di Monza,5.8
449,1984,14,Italian Grand Prix,Autodromo Nazionale di Monza,5.8
464,1983,14,Italian Grand Prix,Autodromo Nazionale di Monza,5.8
481,1982,14,Italian Grand Prix,Autodromo Nazionale di Monza,5.8
495,1981,14,Italian Grand Prix,Autodromo Nazionale di Monza,5.8
524,1979,14,Italian Grand Prix,Autodromo Nazionale di Monza,5.8
540,1978,14,Italian Grand Prix,Autodromo Nazionale di Monza,5.8
556,1977,14,Italian Grand Prix,Autodromo Nazionale di Monza,5.8
572,1976,14,Italian Grand Prix,Autodromo Nazionale di Monza,5.8
588,1975,14,Italian Grand Prix,Autodromo Nazionale di Monza,5.78
602,1974,14,Italian Grand Prix,Autodromo Nazionale di Monza,5.78
617,1973,14,Italian Grand Prix,Autodromo Nazionale di Monza,5.775
629,1972,14,Italian Grand Prix,Autodromo Nazionale di Monza,5.775
640,1971,14,Italian Grand Prix,Autodromo Nazionale di Monza,5.75
652,1970,14,Italian Grand Prix,Autodromo Nazionale di Monza,5.75
663,1969,14,Italian Grand Prix,Autodromo Nazionale di Monza,5.75
675,1968,14,Italian Grand Prix,Autodromo Nazionale di Monza,5.75
687,1967,14,Italian Grand Prix,Autodromo Nazionale di Monza,5.75
696,1966,14,Italian Grand Prix,Autodromo Nazionale di Monza,5.75
706,1965,14,Italian Grand Prix,Autodromo Nazionale di Monza,5.75
716,1964,14,Italian Grand Prix,Autodromo Nazionale di Monza,5.75
725,1963,14,Italian Grand Prix,Autodromo Nazionale di Monza,5.75
735,1962,14,Italian Grand Prix,Autodromo Nazionale di Monza,5.75
744,1961,14,Italian Grand Prix,Autodromo Nazionale di Monza,10
754,1960,14,Italian Grand Prix,Autodromo Nazionale di Monza,10
763,1959,14,Italian Grand Prix,Autodromo Nazionale di Monza,5.75
774,1958,14,Italian Grand Prix,Autodromo Nazionale di Monza,5.75
783,1957,14,Italian Grand Prix,Autodromo Nazionale di Monza,5.75
791,1956,14,Italian Grand Prix,Autodromo Nazionale di Monza,5.75
798,1955,14,Italian Grand Prix,Autodromo Nazionale di Monza,5.75
806,1954,14,Italian Grand Prix,Autodromo Nazionale di Monza,6.3
816,1953,14,Italian Grand Prix,Autodromo Nazionale di Monza,6.3
824,1952,14,Italian Grand Prix,Autodromo Nazionale di Monza,6.3
831,1951,14,Italian Grand Prix,Autodromo Nazionale di Monza,6.3
839,1950,14,Italian Grand Prix,Autodromo Nazionale di Monza,6.3
853,2011,14,Italian Grand Prix,Autodromo Nazionale di Monza,5.793
872,2012,14,Italian Grand Prix,Autodromo Nazionale di Monza,5.793
892,2013,14,Italian Grand Prix,Autodromo Nazionale di Monza,5.793
912,2014,14,Italian Grand Prix,Autodromo Nazionale di Monza,5.793
938,2015,14,Italian Grand Prix,Autodromo Nazionale di Monza,5.793
961,2016,14,Italian Grand Prix,Autodromo Nazionale di Monza,5.793
981,2017,14,Italian Grand Prix,Autodromo Nazionale di Monza,5.793
1002,2018,14,Italian Grand Prix,Autodromo Nazionale di Monza,5.793
1023,2019,14,Italian Grand Prix,Autodromo Nazionale di Monza,5.793
1038,2020,14,Italian Grand Prix,Autodromo Nazionale di Monza,5.793
1065,2021,14,Italian Grand Prix,Autodromo Nazionale di Monza,5.793
1089,2022,14,Italian Grand Prix,Autodromo Nazionale di Monza,5.793
14,2009,15,Singapore Grand Prix,Marina Bay Street Circuit,5.073
32,2008,15,Singapore Grand Prix,Marina Bay Street Circuit,5.073
351,2010,15,Singapore Grand Prix,Marina Bay Street Circuit,5.073
854,2011,15,Singapore Grand Prix,Marina Bay Street Circuit,5.073
873,2012,15,Singapore Grand Prix,Marina Bay Street Circuit,5.073
893,2013,15,Singapore Grand Prix,Marina Bay Street Circuit,5.061
913,2014,15,Singapore Grand Prix,Marina Bay Street Circuit,5.061
939,2015,15,Singapore Grand Prix,Marina Bay Street Circuit,5.065
962,2016,15,Singapore Grand Prix,Marina Bay Street Circuit,5.065
982,2017,15,Singapore Grand Prix,Marina Bay Street Circuit,5.065
1003,2018,15,Singapore Grand Prix,Marina Bay Street Circuit,5.063
1024,2019,15,Singapore Grand Prix,Marina Bay Street Circuit,5.063
1091,2022,15,Singapore Grand Prix,Marina Bay Street Circuit,5.063
33,2008,16,Japanese Grand Prix,Fuji Speedway,4.563
50,2007,16,Japanese Grand Prix,Fuji Speedway,4.563
559,1977,16,Japanese Grand Prix,Fuji Speedway,4.359
575,1976,16,Japanese Grand Prix,Fuji Speedway,4.359
3,2009,17,Chinese Grand Prix,Shanghai International Circuit,5.451
34,2008,17,Chinese Grand Prix,Shanghai International Circuit,5.451
51,2007,17,Chinese Grand Prix,Shanghai International Circuit,5.451
68,2006,17,Chinese Grand Prix,Shanghai International Circuit,5.451
89,2005,17,Chinese Grand Prix,Shanghai International Circuit,5.451
105,2004,17,Chinese Grand Prix,Shanghai International Circuit,5.451
340,2010,17,Chinese Grand Prix,Shanghai International Circuit,5.451
843,2011,17,Chinese Grand Prix,Shanghai International Circuit,5.451
862,2012,17,Chinese Grand Prix,Shanghai International Circuit,5.451
882,2013,17,Chinese Grand Prix,Shanghai International Circuit,5.451
903,2014,17,Chinese Grand Prix,Shanghai International Circuit,5.451
928,2015,17,Chinese Grand Prix,Shanghai International Circuit,5.451
950,2016,17,Chinese Grand Prix,Shanghai International Circuit,5.451
970,2017,17,Chinese Grand Prix,Shanghai International Circuit,5.451
991,2018,17,Chinese Grand Prix,Shanghai International Circuit,5.451
1012,2019,17,Chinese Grand Prix,Shanghai International Circuit,5.451
16,2009,18,Brazilian Grand Prix,Autódromo José Carlos Pace,4.309
35,2008,18,Brazilian Grand Prix,Autódromo José Carlos Pace,4.309
52,2007,18,Brazilian Grand Prix,Autódromo José Carlos Pace,4.309
70,2006,18,Brazilian Grand Prix,Autódromo José Carlos Pace,4.309
87,2005,18,Brazilian Grand Prix,Autódromo José Carlos Pace,4.309
107,2004,18,Brazilian Grand Prix,Autódromo José Carlos Pace,4.309
110,2003,18,Brazilian Grand Prix,Autódromo José Carlos Pace,4.309
126,2002,18,Brazilian Grand Prix,Autódromo José Carlos Pace,4.309
143,2001,18,Brazilian Grand Prix,Autódromo José Carlos Pace,4.309
159,2000,18,Brazilian Grand Prix,Autódromo José Carlos Pace,4.309
176,1999,18,Brazilian Grand Prix,Autódromo José Carlos Pace,4.309
192,1998,18,Brazilian Grand Prix,Autódromo José Carlos Pace,4.292
208,1997,18,Brazilian Grand Prix,Autódromo José Carlos Pace,4.292
225,1996,18,Brazilian Grand Prix,Autódromo José Carlos Pace,4.292
240,1995,18,Brazilian Grand Prix,Autódromo José Carlos Pace,4.325
257,1994,18,Brazilian Grand Prix,Autódromo José Carlos Pace,4.325
274,1993,18,Brazilian Grand Prix,Autódromo José Carlos Pace,4.325
291,1992,18,Brazilian Grand Prix,Autódromo José Carlos Pace,4.325
306,1991,18,Brazilian Grand Prix,Autódromo José Carlos Pace,4.325
322,1990,18,Brazilian Grand Prix,Autódromo José Carlos Pace,4.325
354,2010,18,Brazilian Grand Prix,Autódromo José Carlos Pace,4.309
499,1980,18,Brazilian Grand Prix,Autódromo José Carlos Pace,7.873
513,1979,18,Brazilian Grand Prix,Autódromo José Carlos Pace,7.96
544,1977,18,Brazilian Grand Prix,Autódromo José Carlos Pace,7.96
560,1976,18,Brazilian Grand Prix,Autódromo José Carlos Pace,7.96
577,1975,18,Brazilian Grand Prix,Autódromo José Carlos Pace,7.96
591,1974,18,Brazilian Grand Prix,Autódromo José Carlos Pace,7.96
606,1973,18,Brazilian Grand Prix,Autódromo José Carlos Pace,7.96
859,2011,18,Brazilian Grand Prix,Autódromo José Carlos Pace,4.309
879,2012,18,Brazilian Grand Prix,Autódromo José Carlos Pace,4.309
899,2013,18,Brazilian Grand Prix,Autódromo José Carlos Pace,4.309
917,2014,18,Brazilian Grand Prix,Autódromo José Carlos Pace,4.309
944,2015,18,Brazilian Grand Prix,Autódromo José Carlos Pace,4.309
967,2016,18,Brazilian Grand Prix,Autódromo José Carlos Pace,4.309
987,2017,18,Brazilian Grand Prix,Autódromo José Carlos Pace,4.309
1008,2018,18,Brazilian Grand Prix,Autódromo José Carlos Pace,4.309
1029,2019,18,Brazilian Grand Prix,Autódromo José Carlos Pace,4.309
1071,2021,18,São Paulo Grand Prix,Autódromo José Carlos Pace,4.309
1095,2022,18,Brazilian Grand Prix,Autódromo José Carlos Pace,4.309
42,2007,19,United States Grand Prix,Indianapolis Motor Speedway,4.192
62,2006,19,United States Grand Prix,Indianapolis Motor Speedway,4.192
79,2005,19,United States Grand Prix,Indianapolis Motor Speedway,4.192
98,2004,19,United States Grand Prix,Indianapolis Motor Speedway,4.192
122,2003,19,United States Grand Prix,Indianapolis Motor Speedway,4.192
139,2002,19,United States Grand Prix,Indianapolis Motor Speedway,4.192
156,2001,19,United States Grand Prix,Indianapolis Motor Speedway,4.192
172,2000,19,United States Grand Prix,Indianapolis Motor Speedway,4.192
748,1960,19,Indianapolis 500,Indianapolis Motor Speedway,4.023
757,1959,19,Indianapolis 500,Indianapolis Motor Speedway,4.023
768,1958,19,Indianapolis 500,Indianapolis Motor Speedway,4.023
778,1957,19,Indianapolis 500,Indianapolis Motor Speedway,4.023
786,1956,19,Indianapolis 500,Indianapolis Motor Speedway,4.023
794,1955,19,Indianapolis 500,Indianapolis Motor Speedway,4.023
800,1954,19,Indianapolis 500,Indianapolis Motor Speedway,4.023
809,1953,19,Indianapolis 500,Indianapolis Motor Speedway,4.023
818,1952,19,Indianapolis 500,Indianapolis Motor Speedway,4.023
826,1951,19,Indianapolis 500,Indianapolis Motor Speedway,4.023
835,1950,19,Indianapolis 500,Indianapolis Motor Speedway,4.023
9,2009,20,German Grand Prix,Nürburgring,5.148
45,2007,20,European Grand Prix,Nürburgring,5.148
57,2006,20,European Grand Prix,Nürburgring,5.148
77,2005,20,European Grand Prix,Nürburgring,5.148
96,2004,20,European Grand Prix,Nürburgring,5.148
116,2003,20,European Grand Prix,Nürburgring,5.148
132,2002,20,European Grand Prix,Nürburgring,5.148
149,2001,20,European Grand Prix,Nürburgring,4.556
163,2000,20,European Grand Prix,Nürburgring,4.556
188,1999,20,European Grand Prix,Nürburgring,4.556
205,1998,20,Luxembourg Grand Prix,Nürburgring,4.556
221,1997,20,Luxembourg Grand Prix,Nürburgring,4.428
227,1996,20,European Grand Prix,Nürburgring,4.428
253,1995,20,European Grand Prix,Nürburgring,
428,1985,20,German Grand Prix,Nürburgring,
450,1984,20,European Grand Prix,Nürburgring,
569,1976,20,German Grand Prix,Nürburgring,
586,1975,20,German Grand Prix,Nürburgring,
600,1974,20,German Grand Prix,Nürburgring,
615,1973,20,German Grand Prix,Nürburgring,
627,1972,20,German Grand Prix,Nürburgring,
638,1971,20,German Grand Prix,Nürburgring,
662,1969,20,German Grand Prix,Nürburgring,
674,1968,20,German Grand Prix,Nürburgring,
685,1967,20,German Grand Prix,Nürburgring,
695,1966,20,German Grand Prix,Nürburgring,
705,1965,20,German Grand Prix,Nürburgring,
714,1964,20,German Grand Prix,Nürburgring,
724,1963,20,German Grand Prix,Nürburgring,
734,1962,20,German Grand Prix,Nürburgring,
743,1961,20,German Grand Prix,Nürburgring,
772,1958,20,German Grand Prix,Nürburgring,
781,1957,20,German Grand Prix,Nürburgring,
790,1956,20,German Grand Prix,Nürburgring,
804,1954,20,German Grand Prix,Nürburgring,
814,1953,20,German Grand Prix,Nürburgring,
822,1952,20,German Grand Prix,Nürburgring,
830,1951,20,German Grand Prix,Nürburgring,
850,2011,20,German Grand Prix,Nürburgring,
888,2013,20,German Grand Prix,Nürburgring,
1041,2020,20,Eifel Grand Prix,Nürburgring,
56,2006,21,San Marino Grand Prix,Autodromo Enzo e Dino Ferrari,
74,2005,21,San Marino Grand Prix,Autodromo Enzo e Dino Ferrari,
93,2004,21,San Marino Grand Prix,Autodromo Enzo e Dino Ferrari,
111,2003,21,San Marino Grand Prix,Autodromo Enzo e Dino Ferrari,
127,2002,21,San Marino Grand Prix,Autodromo Enzo e Dino Ferrari,
144,2001,21,San Marino Grand Prix,Autodromo Enzo e Dino Ferrari,
160,2000,21,San Marino Grand Prix,Autodromo Enzo e Dino Ferrari,
177,1999,21,San Marino Grand Prix,Autodromo Enzo e Dino Ferrari,
194,1998,21,San Marino Grand Prix,Autodromo Enzo e Dino Ferrari,
210,1997,21,San Marino Grand Prix,Autodromo Enzo e Dino Ferrari,
228,1996,21,San Marino Grand Prix,Autodromo Enzo e Dino Ferrari,
242,1995,21,San Marino Grand Prix,Autodromo Enzo e Dino Ferrari,
259,1994,21,San Marino Grand Prix,Autodromo Enzo e Dino Ferrari,
276,1993,21,San Marino Grand Prix,Autodromo Enzo e Dino Ferrari,
293,1992,21,San Marino Grand Prix,Autodromo Enzo e Dino Ferrari,
307,1991,21,San Marino Grand Prix,Autodromo Enzo e Dino Ferrari,
323,1990,21,San Marino Grand Prix,Autodromo Enzo e Dino Ferrari,
357,1989,21,San Marino Grand Prix,Autodromo Enzo e Dino Ferrari,
373,1988,21,San Marino Grand Prix,Autodromo Enzo e Dino Ferrari,
389,1987,21,San Marino Grand Prix,Autodromo Enzo e Dino Ferrari,
406,1986,21,San Marino Grand Prix,Autodromo Enzo e Dino Ferrari,
422,1985,21,San Marino Grand Prix,Autodromo Enzo e Dino Ferrari,
439,1984,21,San Marino Grand Prix,Autodromo Enzo e Dino Ferrari,
455,1983,21,San Marino Grand Prix,Autodromo Enzo e Dino Ferrari,
470,1982,21,San Marino Grand Prix,Autodromo Enzo e Dino Ferrari,
486,1981,21,San Marino Grand Prix,Autodromo Enzo e Dino Ferrari,
509,1980,21,Italian Grand Prix,Autodromo Enzo e Dino Ferrari,
1043,2020,21,Emilia Romagna Grand Prix,Autodromo Enzo e Dino Ferrari,
1053,2021,21,Emilia Romagna Grand Prix,Autodromo Enzo e Dino Ferrari,
1077,2022,21,Emilia Romagna Grand Prix,Autodromo Enzo e Dino Ferrari,
15,2009,22,Japanese Grand Prix,Suzuka Circuit,5.807
69,2006,22,Japanese Grand Prix,Suzuka Circuit,
88,2005,22,Japanese Grand Prix,Suzuka Circuit,
106,2004,22,Japanese Grand Prix,Suzuka Circuit,
123,2003,22,Japanese Grand Prix,Suzuka Circuit,
140,2002,22,Japanese Grand Prix,Suzuka Circuit,
157,2001,22,Japanese Grand Prix,Suzuka Circuit,
173,2000,22,Japanese Grand Prix,Suzuka Circuit,
190,1999,22,Japanese Grand Prix,Suzuka Circuit,
206,1998,22,Japanese Grand Prix,Suzuka Circuit,
222,1997,22,Japanese Grand Prix,Suzuka Circuit,
239,1996,22,Japanese Grand Prix,Suzuka Circuit,
255,1995,22,Japanese Grand Prix,Suzuka Circuit,
271,1994,22,Japanese Grand Prix,Suzuka Circuit,
287,1993,22,Japanese Grand Prix,Suzuka Circuit,
303,1992,22,Japanese Grand Prix,Suzuka Circuit,
319,1991,22,Japanese Grand Prix,Suzuka Circuit,
335,1990,22,Japanese Grand Prix,Suzuka Circuit,
352,2010,22,Japanese Grand Prix,Suzuka Circuit,
370,1989,22,Japanese Grand Prix,Suzuka Circuit,
386,1988,22,Japanese Grand Prix,Suzuka Circuit,
402,1987,22,Japanese Grand Prix,Suzuka Circuit,
855,2011,22,Japanese Grand Prix,Suzuka Circuit,
874,2012,22,Japanese Grand Prix,Suzuka Circuit,
895,2013,22,Japanese Grand Prix,Suzuka Circuit,
914,2014,22,Japanese Grand Prix,Suzuka Circuit,
940,2015,22,Japanese Grand Prix,Suzuka Circuit,
964,2016,22,Japanese Grand Prix,Suzuka Circuit,
984,2017,22,Japanese Grand Prix,Suzuka Circuit,
1005,2018,22,Japanese Grand Prix,Suzuka Circuit,
1026,2019,22,Japanese Grand Prix,Suzuka Circuit,
1092,2022,22,Japanese Grand Prix,Suzuka Circuit,
17,2009,24,Abu Dhabi Grand Prix,Yas Marina Circuit,5.554
355,2010,24,Abu Dhabi Grand Prix,Yas Marina Circuit,
858,2011,24,Abu Dhabi Grand Prix,Yas Marina Circuit,
877,2012,24,Abu Dhabi Grand Prix,Yas Marina Circuit,
897,2013,24,Abu Dhabi Grand Prix,Yas Marina Circuit,
918,2014,24,Abu Dhabi Grand Prix,Yas Marina Circuit,
945,2015,24,Abu Dhabi Grand Prix,Yas Marina Circuit,
968,2016,24,Abu Dhabi Grand Prix,Yas Marina Circuit,
988,2017,24,Abu Dhabi Grand Prix,Yas Marina Circuit,
1009,2018,24,Abu Dhabi Grand Prix,Yas Marina Circuit,
1030,2019,24,Abu Dhabi Grand Prix,Yas Marina Circuit,
1047,2020,24,Abu Dhabi Grand Prix,Yas Marina Circuit,
1073,2021,24,Abu Dhabi Grand Prix,Yas Marina Circuit,
1096,2022,24,Abu Dhabi Grand Prix,Yas Marina Circuit,
193,1998,25,Argentine Grand Prix,Autódromo Juan y Oscar Gálvez,
209,1997,25,Argentine Grand Prix,Autódromo Juan y Oscar Gálvez,
226,1996,25,Argentine Grand Prix,Autódromo Juan y Oscar Gálvez,
241,1995,25,Argentine Grand Prix,Autódromo Juan y Oscar Gálvez,
485,1981,25,Argentine Grand Prix,Autódromo Juan y Oscar Gálvez,
498,1980,25,Argentine Grand Prix,Autódromo Juan y Oscar Gálvez,
512,1979,25,Argentine Grand Prix,Autódromo Juan y Oscar Gálvez,
527,1978,25,Argentine Grand Prix,Autódromo Juan y Oscar Gálvez,
543,1977,25,Argentine Grand Prix,Autódromo Juan y Oscar Gálvez,
576,1975,25,Argentine Grand Prix,Autódromo Juan y Oscar Gálvez,
590,1974,25,Argentine Grand Prix,Autódromo Juan y Oscar Gálvez,
605,1973,25,Argentine Grand Prix,Autódromo Juan y Oscar Gálvez,
620,1972,25,Argentine Grand Prix,Autódromo Juan y Oscar Gálvez,
746,1960,25,Argentine Grand Prix,Autódromo Juan y Oscar Gálvez,
765,1958,25,Argentine Grand Prix,Autódromo Juan y Oscar Gálvez,
776,1957,25,Argentine Grand Prix,Autódromo Juan y Oscar Gálvez,
784,1956,25,Argentine Grand Prix,Autódromo Juan y Oscar Gálvez,
792,1955,25,Argentine Grand Prix,Autódromo Juan y Oscar Gálvez,
799,1954,25,Argentine Grand Prix,Autódromo Juan y Oscar Gálvez,
808,1953,25,Argentine Grand Prix,Autódromo Juan y Oscar Gálvez,
223,1997,26,European Grand Prix,Circuito de Jerez,
270,1994,26,European Grand Prix,Circuito de Jerez,
334,1990,26,Spanish Grand Prix,Circuito de Jerez,
369,1989,26,Spanish Grand Prix,Circuito de Jerez,
385,1988,26,Spanish Grand Prix,Circuito de Jerez,
400,1987,26,Spanish Grand Prix,Circuito de Jerez,
405,1986,26,Spanish Grand Prix,Circuito de Jerez,
238,1996,27,Portuguese Grand Prix,Autódromo do Estoril,
252,1995,27,Portuguese Grand Prix,Autódromo do Estoril,
269,1994,27,Portuguese Grand Prix,Autódromo do Estoril,
286,1993,27,Portuguese Grand Prix,Autódromo do Estoril,
302,1992,27,Portuguese Grand Prix,Autódromo do Estoril,
317,1991,27,Portuguese Grand Prix,Autódromo do Estoril,
333,1990,27,Portuguese Grand Prix,Autódromo do Estoril,
368,1989,27,Portuguese Grand Prix,Autódromo do Estoril,
384,1988,27,Portuguese Grand Prix,Autódromo do Estoril,
399,1987,27,Portuguese Grand Prix,Autódromo do Estoril,
417,1986,27,Portuguese Grand Prix,Autódromo do Estoril,
421,1985,27,Portuguese Grand Prix,Autódromo do Estoril,
451,1984,27,Portuguese Grand Prix,Autódromo do Estoril,
254,1995,28,Pacific Grand Prix,Okayama International Circuit,
258,1994,28,Pacific Grand Prix,Okayama International Circuit,
256,1995,29,Australian Grand Prix,Adelaide Street Circuit,
272,1994,29,Australian Grand Prix,Adelaide Street Circuit,
288,1993,29,Australian Grand Prix,Adelaide Street Circuit,
304,1992,29,Australian Grand Prix,Adelaide Street Circuit,
320,1991,29,Australian Grand Prix,Adelaide Street Circuit,
336,1990,29,Australian Grand Prix,Adelaide Street Circuit,
371,1989,29,Australian Grand Prix,Adelaide Street Circuit,
387,1988,29,Australian Grand Prix,Adelaide Street Circuit,
403,1987,29,Australian Grand Prix,Adelaide Street Circuit,
419,1986,29,Australian Grand Prix,Adelaide Street Circuit,
435,1985,29,Australian Grand Prix,Adelaide Street Circuit,
273,1993,30,South African Grand Prix,Kyalami,
289,1992,30,South African Grand Prix,Kyalami,
434,1985,30,South African Grand Prix,Kyalami,
437,1984,30,South African Grand Prix,Kyalami,
466,1983,30,South African Grand Prix,Kyalami,
467,1982,30,South African Grand Prix,Kyalami,
500,1980,30,South African Grand Prix,Kyalami,
514,1979,30,South African Grand Prix,Kyalami,
529,1978,30,South African Grand Prix,Kyalami,
545,1977,30,South African Grand Prix,Kyalami,
561,1976,30,South African Grand Prix,Kyalami,
578,1975,30,South African Grand Prix,Kyalami,
592,1974,30,South African Grand Prix,Kyalami,
607,1973,30,South African Grand Prix,Kyalami,
621,1972,30,South African Grand Prix,Kyalami,
632,1971,30,South African Grand Prix,Kyalami,
643,1970,30,South African Grand Prix,Kyalami,
656,1969,30,South African Grand Prix,Kyalami,
667,1968,30,South African Grand Prix,Kyalami,
679,1967,30,South African Grand Prix,Kyalami,
275,1993,31,European Grand Prix,Donington Park,
290,1992,32,Mexican Grand Prix,Autódromo Hermanos Rodríguez,
310,1991,32,Mexican Grand Prix,Autódromo Hermanos Rodríguez,
326,1990,32,Mexican Grand Prix,Autódromo Hermanos Rodríguez,
359,1989,32,Mexican Grand Prix,Autódromo Hermanos Rodríguez,
375,1988,32,Mexican Grand Prix,Autódromo Hermanos Rodríguez,
401,1987,32,Mexican Grand Prix,Autódromo Hermanos Rodríguez,
418,1986,32,Mexican Grand Prix,Autódromo Hermanos Rodríguez,
655,1970,32,Mexican Grand Prix,Autódromo Hermanos Rodríguez,
666,1969,32,Mexican Grand Prix,Autódromo Hermanos Rodríguez,
678,1968,32,Mexican Grand Prix,Autódromo Hermanos Rodríguez,
689,1967,32,Mexican Grand Prix,Autódromo Hermanos Rodríguez,
698,1966,32,Mexican Grand Prix,Autódromo Hermanos Rodríguez,
708,1965,32,Mexican Grand Prix,Autódromo Hermanos Rodríguez,
718,1964,32,Mexican Grand Prix,Autódromo Hermanos Rodríguez,
727,1963,32,Mexican Grand Prix,Autódromo Hermanos Rodríguez,
943,2015,32,Mexican Grand Prix,Autódromo Hermanos Rodríguez,
966,2016,32,Mexican Grand Prix,Autódromo Hermanos Rodríguez,
986,2017,32,Mexican Grand Prix,Autódromo Hermanos Rodríguez,
1007,2018,32,Mexican Grand Prix,Autódromo Hermanos Rodríguez,
1027,2019,32,Mexican Grand Prix,Autódromo Hermanos Rodríguez,
1070,2021,32,Mexico City Grand Prix,Autódromo Hermanos Rodríguez,
1094,2022,32,Mexico City Grand Prix,Autódromo Hermanos Rodríguez,
305,1991,33,United States Grand Prix,Phoenix street circuit,
321,1990,33,United States Grand Prix,Phoenix street circuit,
360,1989,33,United States Grand Prix,Phoenix street circuit,
327,1990,34,French Grand Prix,Circuit Paul Ricard,
362,1989,34,French Grand Prix,Circuit Paul Ricard,
378,1988,34,French Grand Prix,Circuit Paul Ricard,
393,1987,34,French Grand Prix,Circuit Paul Ricard,
411,1986,34,French Grand Prix,Circuit Paul Ricard,
426,1985,34,French Grand Prix,Circuit Paul Ricard,
454,1983,34,French Grand Prix,Circuit Paul Ricard,
477,1982,34,French Grand Prix,Circuit Paul Ricard,
504,1980,34,French Grand Prix,Circuit Paul Ricard,
535,1978,34,French Grand Prix,Circuit Paul Ricard,
567,1976,34,French Grand Prix,Circuit Paul Ricard,
584,1975,34,French Grand Prix,Circuit Paul Ricard,
612,1973,34,French Grand Prix,Circuit Paul Ricard,
636,1971,34,French Grand Prix,Circuit Paul Ricard,
996,2018,34,French Grand Prix,Circuit Paul Ricard,
1017,2019,34,French Grand Prix,Circuit Paul Ricard,
1059,2021,34,French Grand Prix,Circuit Paul Ricard,
1085,2022,34,French Grand Prix,Circuit Paul Ricard,
353,2010,35,Korean Grand Prix,Korean International Circuit,
856,2011,35,Korean Grand Prix,Korean International Circuit,
875,2012,35,Korean Grand Prix,Korean International Circuit,
894,2013,35,Korean Grand Prix,Korean International Circuit,
356,1989,36,Brazilian Grand Prix,Autódromo Internacional Nelson Piquet,
372,1988,36,Brazilian Grand Prix,Autódromo Internacional Nelson Piquet,
388,1987,36,Brazilian Grand Prix,Autódromo Internacional Nelson Piquet,
404,1986,36,Brazilian Grand Prix,Autódromo Internacional Nelson Piquet,
420,1985,36,Brazilian Grand Prix,Autódromo Internacional Nelson Piquet,
436,1984,36,Brazilian Grand Prix,Autódromo Internacional Nelson Piquet,
452,1983,36,Brazilian Grand Prix,Autódromo Internacional Nelson Piquet,
468,1982,36,Brazilian Grand Prix,Autódromo Internacional Nelson Piquet,
484,1981,36,Brazilian Grand Prix,Autódromo Internacional Nelson Piquet,
528,1978,36,Brazilian Grand Prix,Autódromo Internacional Nelson Piquet,
377,1988,37,Detroit Grand Prix,Detroit Street Circuit,
392,1987,37,Detroit Grand Prix,Detroit Street Circuit,
410,1986,37,Detroit Grand Prix,Detroit Street Circuit,
425,1985,37,Detroit Grand Prix,Detroit Street Circuit,
443,1984,37,Detroit Grand Prix,Detroit Street Circuit,
458,1983,37,Detroit Grand Prix,Detroit Street Circuit,
473,1982,37,Detroit Grand Prix,Detroit Street Circuit,
412,1986,38,British Grand Prix,Brands Hatch,
433,1985,38,European Grand Prix,Brands Hatch,
445,1984,38,British Grand Prix,Brands Hatch,
465,1983,38,European Grand Prix,Brands Hatch,
476,1982,38,British Grand Prix,Brands Hatch,
505,1980,38,British Grand Prix,Brands Hatch,
536,1978,38,British Grand Prix,Brands Hatch,
568,1976,38,British Grand Prix,Brands Hatch,
599,1974,38,British Grand Prix,Brands Hatch,
626,1972,38,British Grand Prix,Brands Hatch,
649,1970,38,British Grand Prix,Brands Hatch,
673,1968,38,British Grand Prix,Brands Hatch,
693,1966,38,British Grand Prix,Brands Hatch,
713,1964,38,British Grand Prix,Brands Hatch,
430,1985,39,Dutch Grand Prix,Circuit Park Zandvoort,
448,1984,39,Dutch Grand Prix,Circuit Park Zandvoort,
463,1983,39,Dutch Grand Prix,Circuit Park Zandvoort,
475,1982,39,Dutch Grand Prix,Circuit Park Zandvoort,
494,1981,39,Dutch Grand Prix,Circuit Park Zandvoort,
508,1980,39,Dutch Grand Prix,Circuit Park Zandvoort,
523,1979,39,Dutch Grand Prix,Circuit Park Zandvoort,
539,1978,39,Dutch Grand Prix,Circuit Park Zandvoort,
555,1977,39,Dutch Grand Prix,Circuit Park Zandvoort,
571,1976,39,Dutch Grand Prix,Circuit Park Zandvoort,
583,1975,39,Dutch Grand Prix,Circuit Park Zandvoort,
597,1974,39,Dutch Grand Prix,Circuit Park Zandvoort,
614,1973,39,Dutch Grand Prix,Circuit Park Zandvoort,
635,1971,39,Dutch Grand Prix,Circuit Park Zandvoort,
647,1970,39,Dutch Grand Prix,Circuit Park Zandvoort,
659,1969,39,Dutch Grand Prix,Circuit Park Zandvoort,
671,1968,39,Dutch Grand Prix,Circuit Park Zandvoort,
681,1967,39,Dutch Grand Prix,Circuit Park Zandvoort,
694,1966,39,Dutch Grand Prix,Circuit Park Zandvoort,
704,1965,39,Dutch Grand Prix,Circuit Park Zandvoort,
710,1964,39,Dutch Grand Prix,Circuit Park Zandvoort,
721,1963,39,Dutch Grand Prix,Circuit Park Zandvoort,
729,1962,39,Dutch Grand Prix,Circuit Park Zandvoort,
739,1961,39,Dutch Grand Prix,Circuit Park Zandvoort,
749,1960,39,Dutch Grand Prix,Circuit Park Zandvoort,
758,1959,39,Dutch Grand Prix,Circuit Park Zandvoort,
767,1958,39,Dutch Grand Prix,Circuit Park Zandvoort,
796,1955,39,Dutch Grand Prix,Circuit Park Zandvoort,
810,1953,39,Dutch Grand Prix,Circuit Park Zandvoort,
823,1952,39,Dutch Grand Prix,Circuit Park Zandvoort,
1064,2021,39,Dutch Grand Prix,Circuit Park Zandvoort,
1088,2022,39,Dutch Grand Prix,Circuit Park Zandvoort,
438,1984,40,Belgian Grand Prix,Zolder,
471,1982,40,Belgian Grand Prix,Zolder,
487,1981,40,Belgian Grand Prix,Zolder,
502,1980,40,Belgian Grand Prix,Zolder,
517,1979,40,Belgian Grand Prix,Zolder,
532,1978,40,Belgian Grand Prix,Zolder,
549,1977,40,Belgian Grand Prix,Zolder,
564,1976,40,Belgian Grand Prix,Zolder,
581,1975,40,Belgian Grand Prix,Zolder,
609,1973,40,Belgian Grand Prix,Zolder,
440,1984,41,French Grand Prix,Dijon-Prenois,
480,1982,41,Swiss Grand Prix,Dijon-Prenois,
490,1981,41,French Grand Prix,Dijon-Prenois,
519,1979,41,French Grand Prix,Dijon-Prenois,
551,1977,41,French Grand Prix,Dijon-Prenois,
598,1974,41,French Grand Prix,Dijon-Prenois,
444,1984,42,Dallas Grand Prix,Fair Park,
453,1983,43,United States Grand Prix West,Long Beach,
469,1982,43,United States Grand Prix West,Long Beach,
483,1981,43,United States Grand Prix West,Long Beach,
501,1980,43,United States Grand Prix West,Long Beach,
515,1979,43,United States Grand Prix West,Long Beach,
530,1978,43,United States Grand Prix West,Long Beach,
546,1977,43,United States Grand Prix West,Long Beach,
562,1976,43,United States Grand Prix West,Long Beach,
482,1982,44,Caesars Palace Grand Prix,Las Vegas Street Circuit,
497,1981,44,Caesars Palace Grand Prix,Las Vegas Street Circuit,
489,1981,45,Spanish Grand Prix,Jarama,
516,1979,45,Spanish Grand Prix,Jarama,
533,1978,45,Spanish Grand Prix,Jarama,
547,1977,45,Spanish Grand Prix,Jarama,
563,1976,45,Spanish Grand Prix,Jarama,
593,1974,45,Spanish Grand Prix,Jarama,
622,1972,45,Spanish Grand Prix,Jarama,
644,1970,45,Spanish Grand Prix,Jarama,
668,1968,45,Spanish Grand Prix,Jarama,
511,1980,46,United States Grand Prix,Watkins Glen,
526,1979,46,United States Grand Prix,Watkins Glen,
541,1978,46,United States Grand Prix,Watkins Glen,
557,1977,46,United States Grand Prix,Watkins Glen,
574,1976,46,United States Grand Prix,Watkins Glen,
589,1975,46,United States Grand Prix,Watkins Glen,
604,1974,46,United States Grand Prix,Watkins Glen,
619,1973,46,United States Grand Prix,Watkins Glen,
631,1972,46,United States Grand Prix,Watkins Glen,
642,1971,46,United States Grand Prix,Watkins Glen,
654,1970,46,United States Grand Prix,Watkins Glen,
665,1969,46,United States Grand Prix,Watkins Glen,
677,1968,46,United States Grand Prix,Watkins Glen,
688,1967,46,United States Grand Prix,Watkins Glen,
697,1966,46,United States Grand Prix,Watkins Glen,
707,1965,46,United States Grand Prix,Watkins Glen,
717,1964,46,United States Grand Prix,Watkins Glen,
726,1963,46,United States Grand Prix,Watkins Glen,
736,1962,46,United States Grand Prix,Watkins Glen,
745,1961,46,United States Grand Prix,Watkins Glen,
534,1978,47,Swedish Grand Prix,Scandinavian Raceway,
550,1977,47,Swedish Grand Prix,Scandinavian Raceway,
566,1976,47,Swedish Grand Prix,Scandinavian Raceway,
582,1975,47,Swedish Grand Prix,Scandinavian Raceway,
596,1974,47,Swedish Grand Prix,Scandinavian Raceway,
611,1973,47,Swedish Grand Prix,Scandinavian Raceway,
558,1977,48,Canadian Grand Prix,Mosport International Raceway,
573,1976,48,Canadian Grand Prix,Mosport International Raceway,
603,1974,48,Canadian Grand Prix,Mosport International Raceway,
618,1973,48,Canadian Grand Prix,Mosport International Raceway,
630,1972,48,Canadian Grand Prix,Mosport International Raceway,
641,1971,48,Canadian Grand Prix,Mosport International Raceway,
664,1969,48,Canadian Grand Prix,Mosport International Raceway,
686,1967,48,Canadian Grand Prix,Mosport International Raceway,
579,1975,49,Spanish Grand Prix,Montjuïc,
608,1973,49,Spanish Grand Prix,Montjuïc,
633,1971,49,Spanish Grand Prix,Montjuïc,
657,1969,49,Spanish Grand Prix,Montjuïc,
594,1974,50,Belgian Grand Prix,Nivelles-Baulers,
624,1972,50,Belgian Grand Prix,Nivelles-Baulers,
625,1972,51,French Grand Prix,Charade Circuit,
648,1970,51,French Grand Prix,Charade Circuit,
660,1969,51,French Grand Prix,Charade Circuit,
702,1965,51,French Grand Prix,Charade Circuit,
653,1970,52,Canadian Grand Prix,Circuit Mont-Tremblant,
676,1968,52,Canadian Grand Prix,Circuit Mont-Tremblant,
672,1968,53,French Grand Prix,Rouen-Les-Essarts,
712,1964,53,French Grand Prix,Rouen-Les-Essarts,
732,1962,53,French Grand Prix,Rouen-Les-Essarts,
779,1957,53,French Grand Prix,Rouen-Les-Essarts,
820,1952,53,French Grand Prix,Rouen-Les-Essarts,
683,1967,54,French Grand Prix,Le Mans,
692,1966,55,French Grand Prix,Reims-Gueux,
722,1963,55,French Grand Prix,Reims-Gueux,
741,1961,55,French Grand Prix,Reims-Gueux,
751,1960,55,French Grand Prix,Reims-Gueux,
759,1959,55,French Grand Prix,Reims-Gueux,
770,1958,55,French Grand Prix,Reims-Gueux,
788,1956,55,French Grand Prix,Reims-Gueux,
802,1954,55,French Grand Prix,Reims-Gueux,
812,1953,55,French Grand Prix,Reims-Gueux,
828,1951,55,French Grand Prix,Reims-Gueux,
838,1950,55,French Grand Prix,Reims-Gueux,
699,1965,56,South African Grand Prix,Prince George Circuit,
728,1963,56,South African Grand Prix,Prince George Circuit,
737,1962,56,South African Grand Prix,Prince George Circuit,
715,1964,57,Austrian Grand Prix,Zeltweg,
733,1962,58,British Grand Prix,Aintree,
742,1961,58,British Grand Prix,Aintree,
760,1959,58,British Grand Prix,Aintree,
780,1957,58,British Grand Prix,Aintree,
797,1955,58,British Grand Prix,Aintree,
753,1960,59,Portuguese Grand Prix,Circuito da Boavista,
773,1958,59,Portuguese Grand Prix,Circuito da Boavista,
755,1960,60,United States Grand Prix,Riverside International Raceway,
761,1959,61,German Grand Prix,AVUS,
762,1959,62,Portuguese Grand Prix,Monsanto Park Circuit,
764,1959,63,United States Grand Prix,Sebring International Raceway,
775,1958,64,Moroccan Grand Prix,Ain Diab,
782,1957,65,Pescara Grand Prix,Pescara Circuit,
805,1954,66,Swiss Grand Prix,Circuit Bremgarten,
815,1953,66,Swiss Grand Prix,Circuit Bremgarten,
817,1952,66,Swiss Grand Prix,Circuit Bremgarten,
825,1951,66,Swiss Grand Prix,Circuit Bremgarten,
836,1950,66,Swiss Grand Prix,Circuit Bremgarten,
807,1954,67,Spanish Grand Prix,Circuit de Pedralbes,
832,1951,67,Spanish Grand Prix,Circuit de Pedralbes,
857,2011,68,Indian Grand Prix,Buddh International Circuit,
876,2012,68,Indian Grand Prix,Buddh International Circuit,
896,2013,68,Indian Grand Prix,Buddh International Circuit,
878,2012,69,United States Grand Prix,Circuit of the Americas,
898,2013,69,United States Grand Prix,Circuit of the Americas,
916,2014,69,United States Grand Prix,Circuit of the Americas,
942,2015,69,United States Grand Prix,Circuit of the Americas,
965,2016,69,United States Grand Prix,Circuit of the Americas,
985,2017,69,United States Grand Prix,Circuit of the Americas,
1006,2018,69,United States Grand Prix,Circuit of the Americas,
1028,2019,69,United States Grand Prix,Circuit of the Americas,
1069,2021,69,United States Grand Prix,Circuit of the Americas,
1093,2022,69,United States Grand Prix,Circuit of the Americas,
113,2003,70,Austrian Grand Prix,Red Bull Ring,
129,2002,70,Austrian Grand Prix,Red Bull Ring,
146,2001,70,Austrian Grand Prix,Red Bull Ring,
167,2000,70,Austrian Grand Prix,Red Bull Ring,
183,1999,70,Austrian Grand Prix,Red Bull Ring,
200,1998,70,Austrian Grand Prix,Red Bull Ring,
220,1997,70,Austrian Grand Prix,Red Bull Ring,
397,1987,70,Austrian Grand Prix,Red Bull Ring,
415,1986,70,Austrian Grand Prix,Red Bull Ring,
429,1985,70,Austrian Grand Prix,Red Bull Ring,
447,1984,70,Austrian Grand Prix,Red Bull Ring,
462,1983,70,Austrian Grand Prix,Red Bull Ring,
479,1982,70,Austrian Grand Prix,Red Bull Ring,
493,1981,70,Austrian Grand Prix,Red Bull Ring,
507,1980,70,Austrian Grand Prix,Red Bull Ring,
522,1979,70,Austrian Grand Prix,Red Bull Ring,
538,1978,70,Austrian Grand Prix,Red Bull Ring,
554,1977,70,Austrian Grand Prix,Red Bull Ring,
570,1976,70,Austrian Grand Prix,Red Bull Ring,
587,1975,70,Austrian Grand Prix,Red Bull Ring,
601,1974,70,Austrian Grand Prix,Red Bull Ring,
616,1973,70,Austrian Grand Prix,Red Bull Ring,
628,1972,70,Austrian Grand Prix,Red Bull Ring,
639,1971,70,Austrian Grand Prix,Red Bull Ring,
651,1970,70,Austrian Grand Prix,Red Bull Ring,
907,2014,70,Austrian Grand Prix,Red Bull Ring,
933,2015,70,Austrian Grand Prix,Red Bull Ring,
956,2016,70,Austrian Grand Prix,Red Bull Ring,
977,2017,70,Austrian Grand Prix,Red Bull Ring,
997,2018,70,Austrian Grand Prix,Red Bull Ring,
1018,2019,70,Austrian Grand Prix,Red Bull Ring,
1031,2020,70,Austrian Grand Prix,Red Bull Ring,
1032,2020,70,Styrian Grand Prix,Red Bull Ring,
1058,2021,70,Styrian Grand Prix,Red Bull Ring,
1060,2021,70,Austrian Grand Prix,Red Bull Ring,
1084,2022,70,Austrian Grand Prix,Red Bull Ring,
915,2014,71,Russian Grand Prix,Sochi Autodrom,
941,2015,71,Russian Grand Prix,Sochi Autodrom,
951,2016,71,Russian Grand Prix,Sochi Autodrom,
972,2017,71,Russian Grand Prix,Sochi Autodrom,
1004,2018,71,Russian Grand Prix,Sochi Autodrom,
1025,2019,71,Russian Grand Prix,Sochi Autodrom,
1040,2020,71,Russian Grand Prix,Sochi Autodrom,
1066,2021,71,Russian Grand Prix,Sochi Autodrom,
955,2016,73,European Grand Prix,Baku City Circuit,
976,2017,73,Azerbaijan Grand Prix,Baku City Circuit,
992,2018,73,Azerbaijan Grand Prix,Baku City Circuit,
1013,2019,73,Azerbaijan Grand Prix,Baku City Circuit,
1057,2021,73,Azerbaijan Grand Prix,Baku City Circuit,
1081,2022,73,Azerbaijan Grand Prix,Baku City Circuit,
1042,2020,75,Portuguese Grand Prix,Autódromo Internacional do Algarve,
1054,2021,75,Portuguese Grand Prix,Autódromo Internacional do Algarve,
1039,2020,76,Tuscan Grand Prix,Autodromo Internazionale del Mugello,
1072,2021,77,Saudi Arabian Grand Prix,Jeddah Corniche Circuit,
1075,2022,77,Saudi Arabian Grand Prix,Jeddah Corniche Circuit,
1051,2021,78,Qatar Grand Prix,Losail International Circuit,
1078,2022,79,Miami Grand Prix,Miami International Autodrome,
